"Overall","choose","compare","logical","query","verify"
"49.9","61.111111111111114","65.85365853658537","72.43589743589743","27.86259541984733","83.5978835978836"
