"test_human","test_augmented","Overall"
"60.96","49.333333333333336","56.599999999999994"
