"Attribute","Existence","Relation","Avg ACC"
"84.95412844036697","96.02272727272727","79.6116504854369","86.86283539951039"
