"Overall","choose","compare","logical","query","verify"
"10.0","6.666666666666667","12.195121951219512","16.025641025641026","7.251908396946565","13.756613756613756"
