"test_augmented","test_human","Overall"
"89.06666666666668","68.47999999999999","76.2"
