"Overall","choose","compare","logical","query","verify"
"10.2","7.777777777777778","14.634146341463413","13.461538461538462","8.206106870229007","13.227513227513226"
