"Overall","choose","compare","logical","query","verify"
"50.4","64.44444444444444","65.85365853658537","72.43589743589743","28.24427480916031","83.5978835978836"
