"test_augmented","test_human","Overall"
"50.13333333333333","61.12","56.99999999999999"
