"Attribute","Existence","Relation","Avg ACC"
"75.96330275229359","85.22727272727273","63.10679611650486","74.76579053202373"
