"Overall","choose","compare","logical","query","verify"
"10.100000000000001","7.777777777777778","14.634146341463413","13.461538461538462","8.015267175572518","13.227513227513226"
