"test_human","test_augmented","Overall"
"61.28","50.13333333333333","57.099999999999994"
