"test_augmented","test_human","Overall"
"49.06666666666666","60.64000000000001","56.3"
