"Overall","choose","compare","logical","query","verify"
"12.3","10.0","14.634146341463413","13.461538461538462","11.259541984732824","14.814814814814813"
