"Overall","choose","compare","logical","query","verify"
"49.9","62.22222222222222","65.85365853658537","72.43589743589743","27.671755725190838","83.5978835978836"
