"test_human","test_augmented","Overall"
"68.32000000000001","89.06666666666668","76.1"
