"Overall","choose","compare","logical","query","verify"
"56.99999999999999","76.47058823529412","57.14285714285714","76.47058823529412","37.96296296296296","88.23529411764706"
