"test_augmented","test_human","Overall"
"49.333333333333336","60.96","56.599999999999994"
