"test_augmented","test_human","Overall"
"49.06666666666666","60.8","56.39999999999999"
