"Overall","choose","compare","logical","query","verify"
"9.9","6.666666666666667","12.195121951219512","13.461538461538462","8.015267175572518","13.227513227513226"
