"test_augmented","test_human","Overall"
"50.13333333333333","61.28","57.099999999999994"
