"test_human","test_augmented","Overall"
"60.64000000000001","49.06666666666666","56.3"
