"test_human","test_augmented","Overall"
"60.8","49.06666666666666","56.39999999999999"
