"Attribute","Existence","Relation","Avg ACC"
"76.3302752293578","86.93181818181817","57.28155339805825","73.5145489364114"
