"Overall","choose","compare","logical","query","verify"
"49.7","61.111111111111114","68.29268292682927","69.87179487179486","27.86259541984733","84.12698412698413"
