"Overall","choose","compare","logical","query","verify"
"55.1","72.22222222222221","60.97560975609756","71.7948717948718","35.11450381679389","87.3015873015873"
