"Overall","choose","compare","logical","query","verify"
"9.8","6.666666666666667","12.195121951219512","13.461538461538462","7.8244274809160315","13.227513227513226"
