"test_augmented","test_human","Overall"
"89.33333333333333","68.47999999999999","76.3"
