"Overall","choose","compare","logical","query","verify"
"50.0","62.22222222222222","65.85365853658537","72.43589743589743","27.86259541984733","83.5978835978836"
