"Overall","choose","compare","logical","query","verify"
"9.8","5.555555555555555","12.195121951219512","16.025641025641026","7.061068702290077","13.756613756613756"
