"Overall","choose","compare","logical","query","verify"
"57.49999999999999","76.47058823529412","57.14285714285714","76.47058823529412","37.96296296296296","91.17647058823529"
