"Overall","choose","compare","logical","query","verify"
"54.900000000000006","72.22222222222221","60.97560975609756","72.43589743589743","35.11450381679389","85.71428571428571"
