"Attribute","Existence","Relation","Avg ACC"
"84.58715596330275","96.02272727272727","80.58252427184466","87.06413583595823"
