"Attribute","Existence","Relation","Avg ACC"
"75.77981651376146","85.22727272727273","63.10679611650486","74.704628452513"
