"test_human","test_augmented","Overall"
"81.92","89.86666666666666","84.89999999999999"
