"Attribute","Existence","Relation","Avg ACC"
"84.95412844036697","96.5909090909091","71.84466019417476","84.46323257515029"
