"Overall","choose","compare","logical","query","verify"
"57.99999999999999","82.35294117647058","57.14285714285714","76.47058823529412","38.88888888888889","88.23529411764706"
